{
  "persevere": -2.0,
  "crying_cat_face": -0.5,
  "sob": -0.3333333333333333,
  "grinning": 1.25,
  "scream": -0.5,
  "anger": -3.0,
  "pray": 0.4444444444444444,
  "smile": 1.0,
  "disappointed": -2.0,
  "blush": 2.0,
  "smiley": 1.0,
  "sunglasses": 1.0,
  "four_leaf_clover": 3.0,
  "new": 1.0,
  "no_entry_sign": -0.25,
  "couplekiss_woman_woman": 0.2222222222222222,
  "hankey": -3.0,
  "facepunch": -1.0,
  "couplekiss_man_man": 0.2222222222222222,
  "angry": -1.25,
  "heart": 3.0,
  "hocho": -0.25,
  "heart_eyes": 0.5,
  "no_good": -0.25,
  "person_frowning": -2.0,
  "gun": -0.25,
  "tired_face": -0.5,
  "candy": 2.0,
  "bow": 0.5,
  "imp": -0.375,
  "gem": 1.0,
  "open_mouth": 0.7777777777777778,
  "relaxed": 0.75,
  "joy": -2.0,
  "anguished": -2.0,
  "muscle": 0.125,
  "rotating_light": -0.5,
  "worried": -2.0,
  "skull": -0.7777777777777778,
  "sleepy": -2.0,
  "trophy": 0.7777777777777778,
  "ok": 1.0,
  "mask": -1.0,
  "smiling_imp": -0.3333333333333333,
  "hand": -0.25,
  "see_no_evil": -0.2222222222222222,
  "tophat": 0.75,
  "floppy_disk": 2.0,
  "question": -2.0,
  "disappointed_relieved": -0.2222222222222222,
  "weary": -2.0,
  "cry": -0.5,
  "fearful": -0.4444444444444444,
  "cold_sweat": -2.0,
  "cupid": 0.75,
  "scissors": -1.0,
  "100": 0.75,
  "lips": 2.0,
  "v": 0.5,
  "clap": 1.25,
  "stuck_out_tongue_winking_eye": -0.25,
  "rage": -3.0,
  "astonished": 0.5,
  "laughing": 1.5
}